district,avg_enrolment,std_enrolment,anomaly_count,risk_score,cluster
100000,9.909090909090908,33.79195324180158,1,14.116781296720632,0
24 Paraganas North,198.29032258064515,244.738390061495,22,111.09535602459802,1
24 Paraganas South,490.0,0.0,1,0.0,1
ANGUL,1.0,0.0,0,0.0,0
ANUGUL,1.1818181818181819,0.40451991747794525,0,0.1618079669911781,0
Adilabad,2.071462153267513,2.1059805706650057,0,0.8423922282660024,0
Agar Malwa,6.875338753387534,6.794792119915742,0,2.717916847966297,0
Agra,15.113693784739768,78.59073899810434,21,44.03629559924174,1
Ahilyanagar,1.0833333333333333,0.2886751345948129,0,0.11547005383792518,0
Ahmadabad,9.27260083449235,56.61366128226775,17,32.8454645129071,1
Ahmadnagar,3.1791565941445072,4.219574614569175,0,1.68782984582767,0
Ahmed Nagar,1.4107883817427387,1.076901322869364,0,0.43076052914774565,0
Ahmedabad,4.835692618806876,12.350539588085649,8,9.74021583523426,0
Ahmednagar,184.0,16.97056274847714,2,7.988225099390856,0
Aizawl,2.183505154639175,1.7407773752908822,0,0.6963109501163529,0
Ajmer,4.800237341772152,25.80808074997961,3,12.123232299991844,0
Akola,3.96964586846543,18.85111346029859,1,8.140445384119436,0
Alappuzha,1.4610016420361247,0.8586544930271192,0,0.3434617972108477,0
Aligarh,12.745498783454988,100.97668104484035,25,55.390672417936145,1
Alipurduar,5.962662337662338,28.830881738918794,11,18.13235269556752,0
Alirajpur,16.34032634032634,53.87694338829195,9,26.95077735531678,0
Allahabad,5.045316070068545,4.281059387699968,0,1.7124237550799872,0
Alluri Sitharama Raju,1.6890982503364738,1.1286406774273041,0,0.45145627097092167,0
Almora,1.70875,1.2761108930120764,0,0.5104443572048306,0
Alwar,8.59669117647059,47.86287638367784,6,22.745150553471134,0
Ambala,4.042713567839196,10.786932913664158,1,4.914773165465663,0
Ambedkar Nagar,4.590935169248422,8.48431174553659,1,3.9937246982146366,0
Amethi,3.985049833887043,3.847551752095074,0,1.5390207008380297,0
Amravati,3.635646687697161,18.0034847166733,2,8.40139388666932,0
Amreli,3.571547420965058,13.259918347134985,4,7.703967338853994,0
Amritsar,6.169329073482428,57.52174129054946,4,25.408696516219784,0
Amroha,10.014760147601477,29.882813463434644,2,13.153125385373858,0
Anakapalli,1.2257336343115124,0.5814372825199488,0,0.2325749130079795,0
Anand,3.488255872063968,12.250591292117168,9,10.300236516846866,0
Anantapur,1.7178988326848248,1.241628511248087,0,0.4966514044992348,0
Ananthapur,1.4032371569317381,0.753370412363018,0,0.3013481649452072,0
Ananthapuramu,1.6202338586680223,1.1872745687239605,0,0.4749098274895842,0
Anantnag,4.361508452535761,3.741918488103148,0,1.4967673952412595,0
Andamans,1.1194029850746268,0.3267094000976501,0,0.13068376003906004,0
Angul,2.775830258302583,2.505492904246483,0,1.0021971616985932,0
Anjaw,1.85,1.0399898784932577,0,0.4159959513973031,0
Annamayya,1.456490727532097,1.0211498890884372,0,0.4084599556353749,0
Anugal,1.0,0.0,0,0.0,0
Anugul,1.127906976744186,0.3987263825459447,0,0.1594905530183779,0
Anuppur,4.716374269005848,5.6840915665844465,0,2.273636626633779,0
Araria,14.27956003666361,38.64305881615272,11,22.057223526461087,0
Ariyalur,2.225092250922509,1.9667310248421241,0,0.7866924099368497,0
Arvalli,3.5954887218045113,17.470378823718313,3,8.788151529487326,0
Arwal,6.642611683848798,22.927096282388103,2,10.37083851295524,0
Ashok Nagar,11.876146788990825,19.745350794356536,4,10.298140317742615,0
Ashoknagar,602.2,193.95282931682127,5,80.58113172672851,1
Auraiya,4.213318284424379,3.97857011537906,0,1.5914280461516241,0
Aurangabad,7.206013071895425,63.934437975405714,8,30.373775190162288,0
Aurangabad(BH),1.0,0.0,0,0.0,0
Aurangabad(bh),1.3125,0.564649549653633,0,0.2258598198614532,0
Ayodhya,2.5081481481481482,23.375172135870603,1,9.950068854348242,0
Azamgarh,6.933940006740816,30.501821420920116,9,17.600728568368048,0
Badgam,5.032345013477089,5.3920892656011885,0,2.1568357062404755,0
Bagalkot,3.792883696229421,4.355803086936129,0,1.7423212347744519,0
Bagalkot *,1.3681318681318682,0.7519226363283725,0,0.30076905453134906,0
Bageshwar,1.7793764988009593,1.2631068970553017,0,0.5052427588221207,0
Baghpat,7.146290491118077,24.114951336495636,3,11.445980534598256,0
Bagpat,1.0,0.0,0,0.0,0
Bahraich,24.81892744479495,100.22569553545671,42,65.29027821418269,2
Bajali,1.0357142857142858,0.1889822365046136,0,0.07559289460184544,0
Baksa,5.102068965517241,19.675279905502723,5,10.87011196220109,0
Balaghat,5.537021969080553,10.721510445740215,1,4.888604178296085,0
Balangir,3.125689084895259,3.0902353987991145,0,1.236094159519646,0
Baleshwar,1.284221525600836,0.6602045336021889,0,0.26408181344087556,0
Baleswar,2.642951251646904,2.210249268997126,0,0.8840997075988505,0
Ballari,2.3194328607172645,2.0871370935726015,0,0.8348548374290407,0
Ballia,4.365864332603938,4.095410774563328,0,1.6381643098253313,0
Balod,3.4036511156186613,2.7742549823872693,0,1.1097019929549077,0
Baloda Bazar,4.832844574780059,17.423649953801583,1,7.569459981520633,0
Balotra,1.0,0.0,0,0.0,0
Balrampur,12.848022206800833,53.62276748048513,11,28.049106992194055,0
Banas Kantha,88.80263157894737,244.17421420052963,25,112.66968568021186,1
Banaskantha,11.01522842639594,36.661814696447756,19,26.064725878579104,1
Banda,14.350948509485095,63.99103253338971,8,30.396413013355886,0
Bandipore,6.231939163498099,6.028827602098668,0,2.4115310408394675,0
Bandipur,1.0,0.0,0,0.0,0
Bangalore,1.9785673998871969,1.5601138364302118,0,0.6240455345720848,0
Bangalore Rural,3.5633423180592994,7.212274260932813,1,3.4849097043731256,0
Banka,8.071428571428571,23.95773387446542,3,11.383093549786167,0
Bankura,3.996832101372756,4.144526829077232,0,1.6578107316308928,0
Banswara,6.910561370123692,7.648939719165044,0,3.0595758876660177,0
Bapatla,1.1884057971014492,0.4803760326565179,0,0.19215041306260716,0
Bara Banki,4.347368421052631,6.662262366513804,1,3.264904946605522,0
Barabanki,6.884057971014493,63.67411950795164,3,27.269647803180657,0
Baramula,4.7723270440251575,8.300996207018027,1,3.920398482807211,0
Baran,7.577992744860943,20.108956224062315,3,9.843582489624925,0
Barddhaman,2.9533756061171204,3.014246589705223,0,1.2056986358820891,0
Bardez,1.0,0.0,0,0.0,0
Bardhaman,1.492436974789916,1.0887574158142013,0,0.43550296632568053,0
Bareilly,17.414527238572322,83.88485507905541,14,41.95394203162216,1
Bargarh,3.7368045649072754,3.756306225915094,0,1.5025224903660377,0
Barmer,9.09931113662457,24.258158491573028,1,10.30326339662921,0
Barnala,2.4176610978520285,2.521633341276457,0,1.0086533365105828,0
Barpeta,11.23671875,52.67518353357802,14,29.47007341343121,1
Barwani,37.0509337860781,172.42359281873553,18,79.76943712749421,1
Bastar,11.219015280135823,15.229131312234339,2,7.291652524893736,0
Basti,6.261757425742574,9.066260270896452,1,4.226504108358581,0
Bathinda,3.384230287859825,4.104683018668206,0,1.6418732074672826,0
Baudh,1.4,0.7405316311773543,0,0.29621265247094175,0
Beawar,1.0,0.0,0,0.0,0
Beed,7.275,45.02421812772399,8,22.8096872510896,0
Begusarai,7.565292096219931,19.8825355208999,1,8.55301420835996,0
Belagavi,2.1123139377537212,1.682290131189831,0,0.6729160524759324,0
Belgaum,2.0050550104073745,1.5826349898982288,0,0.6330539959592916,0
Bellary,2.7313915857605178,2.448633899046828,0,0.9794535596187313,0
Bemetara,5.620689655172414,5.4820603519361955,0,2.192824140774478,0
Bengaluru,5.839773798303487,24.667165294970445,54,42.26686611798818,2
Bengaluru Rural,279.0,174.11235197742607,8,74.44494079097043,1
Bengaluru South,2.4457831325301207,2.8934451237412926,0,1.1573780494965171,0
Bengaluru Urban,237.8762886597938,163.24312502955772,77,111.4972500118231,2
Betul,7.027538726333907,22.163885678959204,3,10.66555427158368,0
Bhabua,1.0689655172413792,0.25788071477756375,0,0.1031522859110255,0
Bhadohi,1.5380281690140845,0.9300941871361078,0,0.37203767485444317,0
Bhadradri Kothagudem,3.5324532453245325,15.076686959667404,2,7.230674783866962,0
Bhadrak,2.4764556962025317,2.3042024940691475,0,0.921680997627659,0
Bhagalpur,11.819304152637486,51.07915610719071,17,30.631662442876287,1
Bhandara,2.3967254408060454,1.9456782665579593,0,0.7782713066231838,0
Bharatpur,8.19509851033157,34.50438092310779,3,15.601752369243115,0
Bharuch,3.2253521126760565,9.953359070865504,3,5.781343628346201,0
Bhavnagar,5.493520518358531,23.38876939683981,10,15.355507758735923,0
Bhilwara,5.736542443064182,18.124217515258533,4,9.649687006103413,0
Bhind,11.346060113728676,48.34112002085988,21,31.93644800834395,1
Bhiwani,3.1040925266903914,3.443323217013972,0,1.3773292868055889,0
Bhojpur,5.784755305326981,17.893508686499743,1,7.757403474599897,0
Bhopal,7.818844984802432,33.49457972460471,5,16.397831889841886,0
Bid,1.6416184971098267,1.073475587352769,0,0.4293902349411076,0
Bidar,3.6525612472160356,5.565989287508613,1,2.8263957150034456,0
Bijapur,5.1650165016501655,30.652204853321926,9,17.66088194132877,0
Bijapur(KAR),1.5,0.7071067811865476,0,0.28284271247461906,0
Bijnor,9.629142857142858,26.446903706752913,3,12.378761482701165,0
Bikaner,8.630929174788823,47.89618411091897,5,22.15847364436759,0
Bilaspur,5.035460992907802,33.56264061834953,1,14.025056247339814,0
Birbhum,6.382304526748971,14.8674372798383,4,8.346974911935321,0
Bishnupur,5.878947368421053,10.657291462654412,1,4.862916585061765,0
Biswanath,2.6526946107784433,8.303923032190921,1,3.921569212876369,0
Bokaro,3.913630229419703,4.832015715411207,0,1.9328062861644828,0
Bokaro *,1.0,0.0,0,0.0,0
Bongaigaon,5.171009771986971,17.627514640134596,4,9.451005856053838,0
Botad,7.05023923444976,40.61493579380565,5,19.24597431752226,0
Boudh,2.5657657657657658,2.1329246160986255,0,0.8531698464394503,0
Budaun,11.036958066808813,59.71718599461615,6,27.486874397846464,0
Budgam,2.825657894736842,2.447980152385252,0,0.9791920609541007,0
Bulandshahar,1.3602941176470589,0.866434106555241,0,0.34657364262209645,0
Bulandshahr,7.710045662100456,36.45254416067475,4,16.9810176642699,0
Buldana,1.7479674796747968,1.2399005419748659,0,0.4959602167899464,0
Buldhana,4.561493882807469,22.27427404798671,5,11.909709619194684,0
Bundi,5.2162740899357605,12.294715733896114,4,7.3178862935584466,0
Burdwan,2.0,0.0,0,0.0,0
Burhanpur,34.358156028368796,138.0124140354931,13,63.00496561419724,1
Buxar,4.875420875420875,4.830130113678363,0,1.9320520454713455,0
Cachar,6.785741960480434,33.41639176347409,35,34.366556705389634,2
Central Delhi,8.121399176954732,31.18530705608969,7,16.674122822435876,0
Chamarajanagar,1.4147727272727273,0.8442125355589106,0,0.3376850142235643,0
Chamarajanagar *,1.0,0.0,0,0.0,0
Chamba,2.073842302878598,1.6808829670846481,0,0.6723531868338593,0
Chamoli,1.6951788491446345,1.1959531023845988,0,0.47838124095383955,0
Champawat,2.6978193146417446,2.4746770455456963,0,0.9898708182182786,0
Champhai,6.619318181818182,32.00388318565481,3,14.601553274261924,0
Chamrajanagar,2.78375,3.139953833274283,0,1.2559815333097133,0
Chamrajnagar,1.3333333333333333,0.7251355709411389,0,0.29005422837645556,0
Chandauli,8.784205693296602,41.94955269009226,5,19.779821076036907,0
Chandel,3.6844660194174756,5.717960702166692,0,2.287184280866677,0
Chandigarh,3.177570093457944,4.82476667869578,1,2.529906671478312,0
Chandrapur,3.5098039215686274,14.5080670314212,3,7.60322681256848,0
Changlang,4.364130434782608,5.699488645872,0,2.2797954583488003,0
Charaideo,3.3587570621468927,9.65956465818068,2,5.063825863272272,0
Charkhi Dadri,2.1029411764705883,1.634754954315495,0,0.653901981726198,0
Chatra,14.066964285714286,33.694109943765035,2,14.677643977506014,0
Chatrapati Sambhaji Nagar,3.0142857142857142,2.0465089195417585,0,0.8186035678167034,0
Chengalpattu,1.8265306122448979,6.790112728481384,1,3.316045091392554,0
Chennai,3.0433333333333334,4.830776954239409,3,3.7323107816957632,0
Chhatarpur,13.62566844919786,45.01999706501572,16,27.607998826006288,1
Chhatrapati Sambhajinagar,1.9274809160305344,2.4686347063125043,0,0.9874538825250018,0
Chhindwara,6.360481586402266,7.083660982973551,0,2.8334643931894203,0
Chhotaudepur,7.691011235955056,35.36542064237155,13,21.94616825694862,0
Chickmagalur,1.5349127182044888,1.1555232634384343,0,0.46220930537537375,0
Chikkaballapur,3.057225994180407,2.7962568020920346,0,1.118502720836814,0
Chikkamagaluru,1.623413258110014,1.276942045897556,0,0.5107768183590224,0
Chikmagalur,1.2125984251968505,0.5993372167341017,0,0.23973488669364068,0
Chirang,6.526315789473684,40.52034343274863,6,19.808137373099456,0
Chitradurga,2.8144132653061225,3.178079260450843,0,1.2712317041803374,0
Chitrakoot,11.275574112734864,11.261035890384006,0,4.504414356153602,0
Chittaurgarh,1.5063291139240507,0.9234251512002078,0,0.36937006048008314,0
Chittoor,2.2694544447521463,2.065869648142895,0,0.826347859257158,0
Chittorgarh,4.287965616045845,24.595046239318755,3,11.638018495727504,0
Chumukedima,2.591549295774648,10.070575901802425,0,4.02823036072097,0
Churachandpur,14.140243902439025,101.51611475969534,3,42.40644590387814,0
Churu,8.413429888084266,38.19148038415104,5,18.276592153660417,0
Coimbatore,2.1959921798631474,2.252829735379394,0,0.9011318941517577,0
Cooch Behar,5.420919656392117,22.013696144915773,5,11.80547845796631,0
Coochbehar,441.0,389.44918367698074,9,161.17967347079232,1
Cuddalore,2.6594761171032357,3.178065289706099,1,1.8712261158824397,0
Cuddapah,2.096079123984458,1.7805254394083472,0,0.7122101757633389,0
Cuttack,2.1134585289514867,1.8229990802028335,0,0.7291996320811335,0
Dadra & Nagar Haveli,1.0416666666666667,0.2041241452319315,0,0.08164965809277261,0
Dadra And Nagar Haveli,358.0,154.14927829866735,2,62.859711319466946,1
Dadra and Nagar Haveli,3.7990867579908674,4.215066802909413,0,1.6860267211637652,0
Dahod,11.422826086956523,35.77645684933387,16,23.91058273973355,1
Dakshin Bastar Dantewada,4.206185567010309,6.948487522346482,0,2.779395008938593,0
Dakshin Dinajpur,6.121951219512195,9.499698356538692,1,4.399879342615477,0
Dakshina Kannada,2.1327868852459018,2.514583330266177,0,1.005833332106471,0
Daman,1.4285714285714286,0.6690433824641325,0,0.26761735298565303,0
Damoh,8.045092838196286,8.154099079449455,0,3.2616396317797824,0
Dang,218.0,75.01555394272133,4,32.40622157708853,1
Dantewada,3.6597938144329896,5.193432676221825,0,2.07737307048873,0
Darbhanga,6.490325236722931,11.101245582247689,1,5.0404982328990755,0
Darjeeling,4.401082381238726,17.7895756000843,16,16.71583024003372,0
Darjiling,2.11046511627907,1.5960979437396372,0,0.6384391774958549,0
Darrang,9.458281444582815,26.719876702708984,8,15.487950681083593,0
Datia,10.09153713298791,37.693770389546415,2,16.277508155818566,0
Dausa,4.1607869742198105,3.5966807402083476,0,1.4386722960833391,0
Davanagere,1.2710526315789474,0.6873941826885879,0,0.27495767307543517,0
Davangere,2.8768679019725045,3.926251574735607,0,1.5705006298942428,0
Debagarh,3.0982456140350876,2.6278901747309087,0,1.0511560698923634,0
Deeg,1.7428571428571429,1.4213261649694944,0,0.5685304659877978,0
Deeg ,1.0,0.0,0,0.0,0
Dehradun,6.236028928336621,48.95121272632695,5,22.580485090530782,0
Deoghar,8.808465608465609,25.720390502081987,4,12.688156200832795,0
Deoria,6.105357142857143,19.14594509785614,3,9.458378039142456,0
Devbhumi Dwarka,4.256410256410256,19.216303832477426,4,10.08652153299097,0
Dewas,12.11368909512761,41.337241654259785,7,20.734896661703914,0
Dhalai,3.3255269320843093,6.267838722012952,0,2.507135488805181,0
Dhalai  *,1.6842105263157894,1.1572300058975775,0,0.46289200235903105,0
Dhamtari,4.08298755186722,4.211823891694336,0,1.6847295566777345,0
Dhanbad,5.130697674418605,22.51840955103178,3,10.80736382041271,0
Dhar,12.341747572815533,46.707198539284214,5,21.682879415713685,0
Dharashiv,1.152,0.4409666800374216,0,0.17638667201496866,0
Dharmapuri,3.490875912408759,3.1968166548462587,0,1.2787266619385036,0
Dharwad,2.951417004048583,3.101291456305913,0,1.2405165825223652,0
Dhaulpur,1.7820512820512822,1.3255475310513225,0,0.530219012420529,0
Dhemaji,11.331691297208538,43.0691189886347,14,25.62764759545388,0
Dhenkanal,2.5852613538988862,2.2781056677315967,0,0.9112422670926388,0
Dholpur,9.919075144508671,33.90899338637148,5,16.56359735454859,0
Dhubri,9.675592960979342,35.8292536143313,10,20.33170144573252,0
Dhule,8.493935309973045,38.844928709657644,11,22.13797148386306,0
Dibang Valley,1.1111111111111112,0.3333333333333333,0,0.13333333333333333,0
Dibrugarh,6.502762430939226,24.218465965961414,14,18.087386386384566,0
Didwana-Kuchaman,1.0,0.0,0,0.0,0
Dima Hasao,8.333333333333334,29.302622376861084,1,12.321048950744434,0
Dimapur,10.907849829351536,62.61407430588471,6,28.64562972235388,0
Dinajpur Dakshin,498.5,106.77312395916867,2,43.909249583667474,1
Dinajpur Uttar,1061.0,850.600611332957,10,346.2402445331828,1
Dindigul,2.507419620774938,2.1807372674439667,0,0.8722949069775867,0
Dindori,5.621564482029599,5.324881641535606,0,2.129952656614243,0
Diu,1.2,0.4878264891785848,0,0.19513059567143393,0
Doda,7.311688311688312,25.1371572809926,2,11.25486291239704,0
Dohad,24.035120147874306,125.35393102551808,19,61.54157241020723,1
Dr. B. R. Ambedkar Konaseema,1.1853832442067735,0.4719264141384747,0,0.18877056565538988,0
Dumka,5.210196779964222,9.435528002238565,2,4.974211200895426,0
Dungarpur,4.488387978142076,5.995886183445394,1,2.9983544733781575,0
Durg,3.960348162475822,19.669372023855715,2,9.067748809542286,0
East,1.5677966101694916,0.8701069981581457,0,0.3480427992632583,0
East Champaran,11.608471892319873,44.110194051803084,17,27.844077620721233,1
East Delhi,18.868189806678384,81.83680422073245,8,37.534721688292976,0
East Garo Hills,33.252747252747255,131.28052654476016,8,57.312210617904064,1
East Godavari,1.8044653349001174,1.378636377055354,0,0.5514545508221417,0
East Jaintia Hills,36.66428571428571,132.1315896698997,8,57.65263586795989,1
East Kameng,2.701492537313433,2.504631620969768,0,1.001852648387907,0
East Khasi Hills,21.63063063063063,96.13876096602682,68,79.25550438641073,2
East Midnapore,1.5948795180722892,1.0793831378821448,0,0.43175325515285795,0
East Midnapur,1.0,0.0,0,0.0,0
East Nimar,4.947435897435898,16.947962524298468,1,7.379185009719388,0
East Siang,2.1818181818181817,1.4301938838683885,0,0.5720775535473555,0
East Sikkim,1.486842105263158,0.7935880885286645,0,0.3174352354114658,0
East Singhbhum,5.688194444444444,10.499908974275527,2,5.399963589710211,0
East Singhbum,361.75,290.5734273237432,4,118.6293709294973,1
Eastern West Khasi Hills,14.350877192982455,49.3672430536362,2,20.94689722145448,0
Eluru,1.200381679389313,0.5061003075935777,0,0.20244012303743109,0
Ernakulam,1.7774030354131534,3.7176759135910693,2,2.687070365436428,0
Erode,2.356835095965531,1.768090909809464,0,0.7072363639237856,0
Etah,13.314420803782506,100.12236515790109,7,44.24894606316044,1
Etawah,7.421161825726141,38.22922349285725,2,16.491689397142903,0
Faizabad,3.444057682744903,3.7091024573954723,0,1.483640982958189,0
Faridabad,19.822085889570552,110.46847528819592,12,51.387390115278365,1
Faridkot,2.622093023255814,2.356599871301992,0,0.9426399485207968,0
Farrukhabad,4.62568951930654,6.955197006242108,1,3.3820788024968436,0
Fatehabad,4.558464223385689,5.010703831002388,0,2.0042815324009555,0
Fatehgarh Sahib,2.313465783664459,2.2119385736960524,0,0.884775429478421,0
Fatehpur,8.01885565669701,40.81523224967963,8,21.126092899871853,0
Fazilka,3.8841463414634148,3.883328076275641,0,1.5533312305102565,0
Ferozepur,2.2826446280991735,1.9736122497196467,0,0.7894448998878587,0
Firozabad,10.837004405286343,106.63458035022333,4,45.053832140089334,0
Firozpur,1.3573883161512028,0.7719916363676732,0,0.3087966545470693,0
Gadag,3.8191945158526135,4.623087898548517,0,1.849235159419407,0
Gadag *,1.380952380952381,0.8012124511896902,0,0.3204849804758761,0
Gadchiroli,3.083116883116883,2.593048755013766,0,1.0372195020055066,0
Gajapati,2.8397163120567375,2.7667074969993277,0,1.106682998799731,0
Ganderbal,3.5569620253164556,2.857106077551605,0,1.142842431020642,0
Gandhinagar,4.677152317880795,21.192964578889544,6,12.077185831555818,0
Ganganagar,4.198321891685736,5.102943044572804,0,2.0411772178291216,0
Ganjam,2.1706338593206738,1.7315206081090777,0,0.6926082432436311,0
Garhwa,10.258445945945946,11.240145732677492,0,4.496058293070997,0
Garhwa *,2.760869565217391,2.4630239198144044,0,0.9852095679257618,0
Garhwal,1.2444444444444445,0.6794234037889492,0,0.2717693615155797,0
Gariyaband,2.903954802259887,2.4449029362665153,0,0.9779611745066061,0
Gaurela-pendra-marwahi,1.627906976744186,1.006409010853551,0,0.40256360434142047,0
Gaurella Pendra Marwahi,327.6666666666667,129.22976953215283,3,53.49190781286113,1
Gautam Buddha Nagar,15.399675060926077,88.73672285831937,15,44.49468914332775,1
Gaya,13.079236276849642,54.160171589628305,18,32.46406863585132,1
Ghaziabad,12.620350109409191,77.19489804423009,13,38.677959217692035,1
Ghazipur,4.703333333333333,4.526462111506996,0,1.8105848446027986,0
Gir Somnath,7.560105680317041,37.771040164669756,13,22.908416065867904,0
Giridih,11.4424,38.185027947187145,2,16.474011178874857,0
Goalpara,13.357624831309042,62.87508239121682,12,32.35003295648673,1
Godda,8.00891530460624,8.556530027607671,1,4.022612011043068,0
Golaghat,11.413690476190476,42.92137902756659,30,35.168551611026636,2
Gomati,2.6627450980392156,7.804954029038163,1,3.7219816116152655,0
Gonda,7.418367346938775,27.00246469344602,9,16.200985877378407,0
Gondia,1.0357142857142858,0.1889822365046136,0,0.07559289460184544,0
Gondiya,4.676375404530744,4.555310200473545,0,1.822124080189418,0
Gondiya *,1.163265306122449,0.37343778907995545,0,0.1493751156319822,0
Gopalganj,11.24573125463994,52.674994299795095,9,26.469997719918037,0
Gorakhpur,7.815655577299413,31.97980577181759,17,22.991922308727034,1
Gulbarga,2.5851632047477744,2.269155602799022,0,0.9076622411196088,0
Gumla,6.980208333333334,20.43940213161189,3,9.975760852644754,0
Guna,11.87772397094431,44.7735940864643,3,19.709437634585722,0
Guntur,2.3471652593486128,2.044829928912191,0,0.8179319715648765,0
Gurdaspur,3.764705882352941,20.355246504326953,3,9.94209860173078,0
Gurgaon,5.381176470588235,25.79606574720229,3,12.118426298880916,0
Gurugram,376.57142857142856,334.5374204992406,6,137.41496819969626,1
Gwalior,15.374792703150913,67.10742359697785,17,37.04296943879115,1
HOOGHLY,1.0,0.0,0,0.0,0
HOWRAH,1.0,0.0,0,0.0,0
Hailakandi,6.83578431372549,24.499154739345183,5,12.799661895738074,0
Hamirpur,2.822639225181598,3.278237373096395,0,1.3112949492385582,0
Hanumakonda,1.5797546012269938,1.1684884354862584,0,0.4673953741945034,0
Hanumangarh,5.283422459893048,24.893905350630188,1,10.557562140252076,0
Haora,2.075416968817984,1.8031090379241173,0,0.721243615169647,0
Hapur,16.030905077262695,99.97134066455013,3,41.78853626582005,0
Harda,10.72361809045226,7.740683221931856,0,3.0962732887727427,0
Harda *,2.9611650485436893,2.5295225813776137,0,1.0118090325510456,0
Hardoi,15.512931034482758,107.03820189871757,9,48.21528075948703,1
Hardwar,1.1869918699186992,0.46780957131649986,0,0.18712382852659995,0
Haridwar,5.483425414364641,22.761621868817723,1,9.70464874752709,0
Hasan,1.3134920634920635,0.6557967510935653,0,0.2623187004374261,0
Hassan,1.7750889679715303,1.3926261122490164,0,0.5570504448996066,0
Hathras,7.174585635359116,31.62141958237232,2,13.848567832948927,0
Haveri,3.0986121256391526,2.943384812468132,0,1.1773539249872529,0
Haveri *,1.2717391304347827,0.6307724354037433,0,0.25230897416149733,0
Hawrah,1.2,0.4472135954999579,0,0.17888543819998318,0
Hazaribag,2.291497975708502,1.8621302445747754,0,0.7448520978299102,0
Hazaribagh,5.271028037383178,8.746259747543064,1,4.098503899017226,0
Hingoli,14.597147950089127,65.63915092921627,12,33.455660371686506,1
Hingoli *,1.0,0.0,0,0.0,0
Hisar,5.757975797579758,14.89281656790967,1,6.557126627163868,0
Hnahthial,1.0,0.0,0,0.0,0
Hojai,11.928934010152284,69.12529786895611,8,32.45011914758244,0
Hooghiy,1.0,0.0,0,0.0,0
Hooghly,3.4341310668754192,5.581015110555547,1,2.832406044222219,0
Hoshangabad,7.7587548638132295,13.11453681416999,1,5.845814725667996,0
Hoshiarpur,3.010924981791697,17.34999928847162,4,9.339999715388648,0
Howrah,4.79453781512605,9.75816294220156,1,4.503265176880624,0
Hugli,1.0718232044198894,0.2987594567777212,0,0.11950378271108848,0
Hyderabad,6.185794542536115,36.849439437882005,21,27.339775775152802,1
Idukki,1.4973544973544974,0.9028209509391115,0,0.36112838037564465,0
Imphal East,2.4716157205240177,2.0293961139304253,0,0.8117584455721701,0
Imphal West,2.4282907662082516,5.074762438287372,1,2.629904975314949,0
Indore,12.200765864332604,60.59171518497689,10,30.236686073990757,0
JAJPUR,1.8957055214723926,1.4548239156057527,0,0.5819295662423011,0
Jabalpur,8.848119233498936,16.08176677693067,2,7.632706710772269,0
Jagatsinghapur,2.684654300168634,3.116048117720901,0,1.2464192470883606,0
Jagatsinghpur,1.6406619385342789,1.6330274669210278,0,0.6532109867684112,0
Jagitial,2.0241116751269037,1.310955633750722,0,0.5243822535002888,0
Jaintia Hills,1.0,0.0,0,0.0,0
Jaipur,6.6693790149892935,30.452971798634334,16,21.781188719453734,0
Jaisalmer,4.845500848896434,7.732885489163775,1,3.6931541956655103,0
Jajapur,1.845718329794763,1.3669424214264567,0,0.5467769685705827,0
Jajpur,1.0,0.0,0,0.0,0
Jalandhar,2.196266666666667,1.9232573459954978,0,0.7693029383981992,0
Jalaun,5.247403210576015,18.316250915461282,3,9.126500366184512,0
Jalgaon,4.675599435825106,22.152633513833578,6,12.46105340553343,0
Jalna,4.9338040600176525,5.731941631125855,0,2.292776652450342,0
Jalor,10.655750190403655,24.32770425719105,10,15.731081702876422,0
Jalore,98.8,218.68744819947943,1,88.07497927979178,1
Jalpaiguri,3.707028531663187,12.81995754787408,9,10.527983019149632,0
Jammu,2.5440528634361232,2.8300313708046354,0,1.1320125483218542,0
Jamnagar,3.6114081996434937,14.89044137457676,10,11.956176549830705,0
Jamtara,11.498708010335918,12.367091271312214,0,4.9468365085248855,0
Jamui,13.075566750629722,51.3918441671839,5,23.55673766687356,0
Jangaon,1.2272727272727273,0.5489978154770759,0,0.21959912619083038,0
Jangoan,1.9246704331450095,1.4255001223177517,0,0.5702000489271007,0
Janjgir - Champa,1.375,0.7696696072652381,0,0.30786784290609526,0
Janjgir Champa,1.0,0.0,0,0.0,0
Janjgir-champa,4.228805834092981,3.8851638233130563,0,1.5540655293252226,0
Jashpur,3.5816901408450703,3.5223970016565773,0,1.408958800662631,0
Jaunpur,5.89550018594273,23.55314434347093,8,14.22125773738837,0
Jayashankar Bhupalpally,2.0965346534653464,1.4516484584551164,0,0.5806593833820466,0
Jehanabad,4.576382380506092,11.280515205357467,4,6.912206082142987,0
Jhabua,23.58041958041958,98.86277440141717,8,44.34510976056687,1
Jhajjar,3.2475247524752477,3.8106508028023676,0,1.5242603211209471,0
Jhajjar *,1.0,0.0,0,0.0,0
Jhalawar,6.215547703180212,7.303415765205707,1,3.521366306082283,0
Jhansi,5.651144435674823,7.33274838830567,1,3.533099355322268,0
Jhargram,1.825426944971537,2.8994359222409685,0,1.1597743688963875,0
Jharsuguda,1.9408866995073892,1.2682042326174148,0,0.5072816930469659,0
Jhunjhunu,1.2904564315352698,0.6572291894528726,0,0.262891675781149,0
Jhunjhunun,3.1463414634146343,2.898346347064097,0,1.159338538825639,0
Jind,5.669139465875371,5.967123661017053,0,2.386849464406821,0
Jiribam,2.101449275362319,1.5257103219024772,0,0.6102841287609909,0
Jodhpur,8.990287333063536,50.78800014036264,11,26.91520005614506,0
Jogulamba Gadwal,3.802061855670103,3.687425006421712,0,1.4749700025686847,0
Jorhat,4.176923076923077,13.706703414646118,7,9.682681365858446,0
Junagadh,2.9827586206896552,7.366693029198957,1,3.546677211679583,0
Jyotiba Phule Nagar,1.2727272727272727,0.5696275313531857,0,0.22785101254127427,0
K.V.Rangareddy,1.078125,0.27048970875004197,0,0.1081958835000168,0
K.v. Rangareddy,3.8303296703296703,4.327213637489434,1,2.330885454995774,0
KOLKATA,1.0,0.0,0,0.0,0
Kabeerdham,4.727722772277228,4.214417774318744,0,1.6857671097274978,0
Kachchh,5.228780213603148,24.771893958447382,9,15.308757583378952,0
Kaimur (Bhabua),11.357039187227867,47.52652515749945,5,22.01061006299978,0
Kaithal,4.96843853820598,18.27887137259708,1,7.911548549038832,0
Kakching,1.7868852459016393,1.0818926949003254,0,0.4327570779601302,0
Kakinada,1.3842857142857143,0.7542223945206644,0,0.30168895780826577,0
Kalaburagi,2.9962406015037595,15.344037418185053,1,6.7376149672740215,0
Kalahandi,3.3779113448534934,2.9180422154385877,0,1.167216886175435,0
Kalimpong,3.489795918367347,16.876816937979306,1,7.350726775191722,0
Kallakurichi,1.794266441821248,7.5162999120629745,1,3.60651996482519,0
Kamareddy,2.3160322952710497,2.0078964068098872,0,0.8031585627239549,0
Kamle,1.7647058823529411,1.6781467369059944,0,0.6712586947623977,0
Kamrup,7.541780447842709,36.609298542571054,25,29.64371941702842,1
Kamrup Metro,3.5336060783167738,9.097516454701537,3,5.439006581880615,0
Kancheepuram,2.9518208550101788,4.471547502638462,2,2.988619001055385,0
Kanchipuram,96.75,170.21236735325667,1,68.68494694130267,1
Kandhamal,2.8794392523364487,2.636976693824043,0,1.0547906775296172,0
Kangra,1.5838658146964857,1.0054561855179458,0,0.40218247420717834,0
Kanker,2.8369384359401,2.459681539929553,0,0.9838726159718212,0
Kannauj,6.285984848484849,25.310762983770836,2,11.324305193508334,0
Kanniyakumari,1.4830508474576272,0.9098501779973228,0,0.3639400711989291,0
Kannur,1.8763762189367725,1.8642082642502944,0,0.7456833057001178,0
Kanpur Dehat,6.857998289136014,32.20270275652872,7,17.08108110261149,0
Kanpur Nagar,9.499423298731257,50.745777577794364,24,34.69831103111775,1
Kanyakumari,1.3837129054520358,0.7435986600603549,0,0.29743946402414195,0
Kapurthala,5.84012539184953,29.419599955178118,8,16.56783998207125,0
Karaikal,1.4538461538461538,0.8341509402863139,0,0.3336603761145256,0
Karauli,6.081690140845071,28.325109994439302,2,12.53004399777572,0
Karbi Anglong,8.745415318230853,41.730078834073055,13,24.492031533629223,0
Kargil,2.1652542372881354,1.7467653876565434,0,0.6987061550626175,0
Karim Nagar,1.2058823529411764,0.4750121295988375,0,0.190004851839535,0
Karimganj,9.502242152466367,34.78993962075363,18,24.71597584830145,1
Karimnagar,1.9420420420420421,1.913715033915597,0,0.7654860135662389,0
Karnal,4.871239470517449,6.482898970697562,0,2.593159588279025,0
Karur,2.618241042345277,3.1162075004190215,0,1.2464830001676086,0
Kasaragod,2.6043956043956045,2.2074211055492037,0,0.8829684422196815,0
Kasargod,1.2115384615384615,0.462348314332348,0,0.18493932573293922,0
Kasganj,8.843793584379359,59.31306610930632,2,24.92522644372253,0
Kathua,3.607795371498173,3.8171164748362543,0,1.5268465899345018,0
Katihar,11.865021770682148,22.927578413074684,5,12.171031365229874,0
Katni,11.828108108108108,29.584197643416836,6,15.433679057366735,0
Kaushambi,8.607843137254902,29.029702608953496,4,14.011881043581399,0
Kawardha,8.851239669421487,9.332636845502886,0,3.7330547382011545,0
Kendrapara,2.458665033680343,2.214515932390676,0,0.8858063729562704,0
Kendrapara *,1.0,0.0,0,0.0,0
Kendujhar,2.8128564022809748,2.593824572614277,0,1.037529829045711,0
Khagaria,8.756410256410257,9.144149325446032,0,3.6576597301784126,0
Khairagarh Chhuikhadan Gandai,1.921875,1.1336608875117884,0,0.4534643550047154,0
Khammam,2.0611658456486044,2.0273171688414737,0,0.8109268675365895,0
Khandwa,5.616149068322981,32.954181784595676,2,14.38167271383827,0
Khargone,13.835326586936523,60.10126141614077,14,32.44050456645631,1
Khawzawl,2.1176470588235294,3.3705035406667436,0,1.3482014162666975,0
Kheda,3.7835,13.629618887023296,7,9.651847554809319,0
Kheri,13.534140969162996,56.32158687218957,16,32.12863474887583,1
Khorda,2.136071251855517,1.9460012828722544,0,0.7784005131489018,0
Khordha,1.401376146788991,2.991668175356276,0,1.1966672701425105,0
Khowai,2.0059171597633134,1.4330164714274436,0,0.5732065885709775,0
Khunti,6.12037037037037,21.12594762304299,2,9.650379049217195,0
Kinnaur,1.0866666666666667,0.30513868926571885,0,0.12205547570628755,0
Kiphire,12.106666666666667,35.03803853163222,1,14.615215412652887,0
Kishanganj,16.853846153846153,17.972516607142477,4,9.589006642856992,0
Kishtwar,6.678947368421053,6.525252448834818,0,2.6101009795339274,0
Koch Bihar,2.489219330855019,2.1581954957418295,0,0.8632781982967318,0
Kodagu,1.8746130030959753,2.359491356713201,0,0.9437965426852805,0
Kodarma,2.0945945945945947,1.6632802515128424,0,0.665312100605137,0
Koderma,6.469879518072289,6.219338988207961,0,2.4877355952831848,0
Kohima,6.616326530612245,30.922956529877233,4,14.769182611950894,0
Kokrajhar,6.112732095490716,30.483344412148163,8,16.993337764859266,0
Kolar,3.2857142857142856,3.742916850726616,0,1.4971667402906466,0
Kolasib,2.217741935483871,7.5477455675435605,0,3.0190982270174245,0
Kolhapur,2.412125120928733,2.099255174783624,0,0.8397020699134496,0
Kolkata,3.4850319542549615,10.924656074089231,10,10.369862429635692,0
Kollam,1.6495281483891961,1.4482772875048233,0,0.5793109150019293,0
Komaram Bheem,2.6844660194174756,2.0640478163397558,0,0.8256191265359023,0
Kondagaon,8.233062330623307,13.878153444976023,1,6.1512613779904095,0
Koppal,4.2453271028037385,4.591472827973709,0,1.8365891311894835,0
Koraput,3.2458543619322278,3.2178214582116262,0,1.2871285832846506,0
Korba,3.9753086419753085,3.9115870496934786,0,1.5646348198773916,0
Koriya,3.620123203285421,3.160560321932763,0,1.2642241287731053,0
Kota,4.476502082093992,4.632270465122827,0,1.8529081860491308,0
Kottayam,1.4395318595578674,1.0700355212121802,0,0.4280142084848721,0
Kozhikode,2.0634041243459524,1.5857022374044836,0,0.6342808949617935,0
Kra Daadi,2.1315789473684212,1.2980453627932778,0,0.5192181451173111,0
Krishna,1.9437391806116562,1.5603334401683897,0,0.624133376067356,0
Krishnagiri,2.890091116173121,2.5577977067200277,0,1.0231190826880112,0
Kulgam,7.762820512820513,8.952283672958812,0,3.5809134691835247,0
Kullu,1.888719512195122,4.542064050491113,1,2.4168256201964455,0
Kupwara,6.645161290322581,5.4049320643812555,0,2.1619728257525024,0
Kurnool,3.0133128520225294,2.8500424657839796,0,1.1400169863135918,0
Kurukshetra,3.840255591054313,4.943201482295526,0,1.9772805929182107,0
Kurung Kumey,2.2058823529411766,2.157150361636724,0,0.8628601446546895,0
Kushi Nagar,1570.0,0.0,1,0.0,1
Kushinagar,8.58495145631068,13.72240934738635,1,6.08896373895454,0
Kushinagar *,1.0,0.0,0,0.0,0
Lahaul and Spiti,1.0,0.0,0,0.0,0
Lahul & Spiti,1.1875,0.5922891621605981,0,0.23691566486423926,0
Lahul and Spiti,1.032258064516129,0.1796053020267749,0,0.07184212081070997,0
Lakhimpur,7.945916114790287,26.785176693196824,13,18.51407067727873,0
Lakhisarai,11.791187739463602,65.1047618701144,3,27.841904748045764,0
Lakshadweep,1.2767295597484276,0.6049578883297058,0,0.2419831553318823,0
Lalitpur,7.031065088757397,11.044311264553794,1,5.017724505821517,0
Latehar,5.197211155378486,5.096959309512818,0,2.0387837238051274,0
Latur,5.589272593681117,28.022068553456357,3,13.008827421382545,0
Lawngtlai,9.224719101123595,34.02616235335571,4,16.010464941342285,0
Leh,1.6974358974358974,1.146821510547848,0,0.45872860421913925,0
Leh (ladakh),1.0,0.0,0,0.0,0
Leparada,1.0,0.0,0,0.0,0
Lohardaga,9.18944099378882,27.648068896493125,2,12.25922755859725,0
Lohit,2.0,1.8279670168343156,0,0.7311868067337263,0
Longding,11.5,45.25533619967322,1,18.70213447986929,0
Longleng,13.073529411764707,60.932141403483,2,25.572856561393202,0
Lower Dibang Valley,2.0185185185185186,1.1894305081058152,0,0.4757722032423261,0
Lower Siang,1.2916666666666667,0.624093545570845,0,0.249637418228338,0
Lower Subansiri,1.8103448275862069,0.9992435130167769,0,0.3996974052067108,0
Lucknow,8.698943061711558,35.775901552546735,19,25.710360621018694,1
Ludhiana,7.492131008081667,41.37561006517464,27,32.75024402606986,1
Lunglei,3.8823529411764706,16.552525026607974,2,7.82101001064319,0
MALDA,1.3636363636363635,0.8090398349558905,0,0.3236159339823562,0
Madhepura,8.747093023255815,9.827266215963027,0,3.930906486385211,0
Madhubani,9.840607210626185,36.86181101422541,19,26.144724405690162,1
Madurai,3.422176308539945,4.135177632992357,1,2.254071053196943,0
Mahabub Nagar,1.6177730192719486,1.0560624595230206,0,0.42242498380920823,0
Mahabubabad,2.220088626292467,1.5347102316373402,0,0.6138840926549362,0
Mahabubnagar,3.215865992414665,3.412126351244578,0,1.3648505404978313,0
Maharajganj,16.085508550855085,67.2207796908155,16,36.4883118763262,1
Mahasamund,7.290672451193059,6.0355918789655645,0,2.414236751586226,0
Mahbubnagar,1.319926873857404,0.7019240917223241,0,0.2807696366889296,0
Mahendragarh,5.421259842519685,5.05860143797528,0,2.0234405751901123,0
Mahesana,4.011124845488257,17.35011436897286,8,11.740045747589145,0
Mahisagar,4.094249201277956,18.05571108750358,4,9.622284435001431,0
Mahoba,5.441441441441442,4.950084207219945,0,1.9800336828879779,0
Mahrajganj,1.0,0.0,0,0.0,0
Maihar,1.6587301587301588,1.0536425031789267,0,0.4214570012715707,0
Mainpuri,10.030795551753636,50.760339483898925,8,25.10413579355957,0
Majuli,3.5273972602739727,17.280722847859813,1,7.512289139143926,0
Malappuram,3.0993617021276596,4.843993041478485,1,2.537597216591394,0
Malda,7.6883811375789985,13.517197079346762,2,6.6068788317387055,0
Maldah,2.2199747155499368,1.8513506528656907,0,0.7405402611462764,0
Malerkotla,3.6965811965811968,4.222084419491176,0,1.6888337677964704,0
Malkangiri,5.304990757855823,7.660949139165287,0,3.064379655666115,0
Mamit,2.1375,2.331641188714806,0,0.9326564754859223,0
Mammit,1.3389830508474576,0.7097879598750849,0,0.28391518395003396,0
Mancherial,1.7147335423197492,1.0822395994200618,0,0.4328958397680247,0
Mandi,1.66821499668215,1.1633249898884597,0,0.4653299959553839,0
Mandla,5.450610432852386,5.249661593777251,0,2.0998646375109007,0
Mandsaur,7.310954063604241,7.860439631606617,0,3.144175852642647,0
Mandya,2.229528535980149,1.8441907114815776,0,0.7376762845926311,0
Manendragarh–Chirmiri–Bharatpur,2.1,1.6720297405361575,0,0.668811896214463,0
Mangan,1.0,0.0,0,0.0,0
Mansa,2.5033407572383073,2.2040167211902078,0,0.8816066884760831,0
Marigaon,13.141604010025063,52.64231471261705,16,30.656925885046824,1
Mathura,6.913478516774573,24.772180830023085,4,12.308872332009235,0
Mau,5.630757800891531,6.005665641463737,0,2.402266256585495,0
Mauganj,1.9641255605381165,1.582154142904946,0,0.6328616571619784,0
Mayiladuthurai,1.1923990498812351,0.5802620035475354,0,0.23210480141901418,0
Mayurbhanj,2.6371280724450195,2.394649061393958,0,0.9578596245575833,0
Medak,2.256112931686413,2.056549827132623,0,0.8226199308530492,0
Medchal Malkajgiri,352.0,76.36753236814714,2,31.747012947258856,1
Medchal-malkajgiri,3.3664185277088503,4.495645114281564,1,2.398258045712626,0
Medchal?malkajgiri,1.0,0.0,0,0.0,0
Medchal−malkajgiri,1.636085626911315,1.1797033390245466,0,0.47188133560981865,0
Medinipur,1.0740740740740742,0.3849001794597505,0,0.15396007178390023,0
Medinipur West,322.5,283.5498192558056,2,114.61992770232224,1
Meerut,16.333786539768866,95.18028404001568,19,49.47211361600627,1
Meluri,1.4166666666666667,0.90033663737852,0,0.360134654951408,0
Mewat,17.617715617715618,64.93007211502898,2,27.172028846011592,0
Mirzapur,7.881443298969073,9.927568747571165,0,3.971027499028466,0
Moga,2.189728958630528,1.9025419268900459,0,0.7610167707560184,0
Mohalla-Manpur-Ambagarh Chowki,1.1666666666666667,0.3892494720807615,0,0.15569978883230462,0
Mohla-Manpur-Ambagarh Chouki,1.9328358208955223,1.2814334149313824,0,0.512573365972553,0
Mokokchung,3.1818181818181817,17.622569658778218,1,7.649027863511288,0
Mon,9.2625,48.26125131677676,3,21.104500526710705,0
Monghyr,1.1666666666666667,0.37719547023291206,0,0.15087818809316483,0
Moradabad,20.776277724204437,169.57580535275295,18,78.63032214110117,1
Morbi,16.169696969696968,81.15736382700761,14,40.862945530803046,1
Morena,27.802484472049688,114.19402618224055,16,55.27761047289622,1
Muktsar,1.6534653465346534,1.0408152522616234,0,0.4163261009046494,0
Mulugu,2.31358024691358,1.7485321344920781,0,0.6994128537968313,0
Mumbai,3.478842935692087,10.15468452441953,2,5.261873809767812,0
Mumbai City,2.3432,2.256166214796914,0,0.9024664859187657,0
Mumbai Suburban,6.257643421504637,40.881678095806826,23,30.152671238322732,1
Mumbai( Sub Urban ),1.2323529411764707,0.6112131117584308,0,0.24448524470337235,0
Mungeli,8.400568181818182,8.001516929965417,0,3.200606771986167,0
Munger,9.222727272727273,36.8860003852025,3,16.554400154081,0
Murshidabad,7.871766768960982,10.814555543870236,7,8.525822217548095,0
Muzaffarnagar,8.332635983263598,38.35601339007136,4,17.742405356028545,0
Muzaffarpur,9.728590694538099,46.79682508763811,27,34.91873003505525,1
Mysore,1.8556763285024154,1.6112344711913702,0,0.6444937884765481,0
Mysuru,2.544340723453909,15.183584287593545,2,7.273433715037418,0
N. T. R,1.4030075187969926,0.8268771861452451,0,0.33075087445809803,0
NADIA,1.0,0.0,0,0.0,0
NUAPADA,1.21875,0.49084357931507966,0,0.19633743172603188,0
Nabarangapur,6.744588744588745,11.035632376723877,1,5.01425295068955,0
Nabarangpur,442.0,0.0,1,0.0,1
Nadia,4.688906539581678,15.100997073097412,16,15.640398829238965,0
Nagaon,7.2158071748878925,35.03766032696384,7,18.215064130785535,0
Nagapattinam,1.6531862745098038,1.124558696909493,0,0.4498234787637972,0
Nagarkurnool,1.9470672389127324,1.3912546582584173,0,0.5565018633033669,0
Nagaur,6.462200598802395,37.92243251895147,4,17.56897300758059,0
Nagpur,3.886953664147223,14.664482445172423,7,10.06579297806897,0
Nainital,5.212401055408971,22.985056412147205,1,9.794022564858881,0
Najafgarh,1.2,0.40824829046386296,0,0.1632993161855452,0
Nalanda,8.483701979045401,45.321636060476315,4,20.528654424190524,0
Nalbari,3.5378304466727437,7.480917331508246,1,3.5923669326032983,0
Nalgonda,2.4531494829207143,2.5283809635977676,0,1.011352385439107,0
Namakkal,2.2555555555555555,3.381757269442505,0,1.352702907777002,0
Namakkal   *,1.0,0.0,0,0.0,0
Namchi,1.0909090909090908,0.2942449431682498,0,0.11769797726729991,0
Namsai,1.7241379310344827,1.0749759886167907,0,0.4299903954467163,0
Nanded,5.844911937377691,24.799537332895422,10,15.91981493315817,0
Nandurbar,9.073339085418464,48.23459123049024,7,23.493836492196095,0
Nandurbar *,1.2280701754385965,0.4419403659626778,0,0.1767761463850711,0
Nandyal,1.40527950310559,0.8151196132868572,0,0.3260478453147429,0
Narayanpet,2.4904942965779466,1.8327457784807037,0,0.7330983113922815,0
Narayanpur,10.885714285714286,7.1415154019315015,0,2.8566061607726008,0
Narmada,2.6016260162601625,2.190480561427988,0,0.8761922245711953,0
Narmadapuram,2.0359116022099446,1.4457245680938753,0,0.5782898272375502,0
Narsimhapur,2.4314928425357873,2.3996050777470637,0,0.9598420310988255,0
Narsinghpur,5.4520547945205475,17.297443425067417,1,7.518977370026967,0
Nashik,5.982348221449586,47.60445650379356,11,25.64178260151742,0
Navsari,2.9361022364217253,11.501653081066761,3,6.400661232426705,0
Nawada,10.688626907073509,37.60141220088989,7,19.240564880355958,0
Nawanshahr,1.2229299363057324,0.6563176813904719,0,0.26252707255618873,0
Nayagarh,2.149956408020924,1.8490617161711442,0,0.7396246864684577,0
Neemuch,6.5488126649076515,7.397533768351109,0,2.959013507340444,0
Nellore,1.9724366041896362,1.639464217685584,0,0.6557856870742337,0
New Delhi,15.299065420560748,48.354472379691224,7,23.54178895187649,0
Nicobar,1.9736842105263157,1.8378430675182897,0,0.735137227007316,0
Nicobars,1.0,0.0,0,0.0,0
Nirmal,2.5472727272727274,2.0083028517700923,0,0.803321140708037,0
Niuland,1.4090909090909092,0.7963662060880876,0,0.3185464824352351,0
Niwari,1.290909090909091,0.8053200918736056,0,0.3221280367494423,0
Nizamabad,2.812277227722772,2.990278716288137,0,1.1961114865152547,0
Noklak,6.103448275862069,16.58120861484037,1,7.232483445936149,0
North,1.3333333333333333,0.5951190357119042,0,0.23804761428476168,0
North 24 Parganas,4.409062885326757,8.124895532191463,4,5.6499582128765855,0
North And Middle Andaman,1.3333333333333333,0.5890150893739518,0,0.23560603574958072,0
North Cachar Hills,4.560344827586207,14.147209226024335,3,7.458883690409734,0
North Delhi,15.323024054982818,44.60113017505862,4,20.240452070023448,0
North Dinajpur,1.425,0.864574773948994,0,0.3458299095795976,0
North East,8.396135265700483,6.3572895657183235,0,2.5429158262873295,0
North East   *,2.0,0.0,0,0.0,0
North East Delhi,39.200647249190936,206.1239347894519,5,85.44957391578077,1
North Garo Hills,14.208333333333334,59.21861841888799,7,27.887447367555197,0
North Goa,1.5247747747747749,1.663811707132906,0,0.6655246828531625,0
North Sikkim,1.3191489361702127,0.7548792871746882,0,0.3019517148698753,0
North Tripura,2.5788561525129983,9.116402156151,1,4.2465608624604005,0
North Twenty Four Parganas,1.5036968576709797,0.9857848165317088,0,0.39431392661268355,0
North West Delhi,13.436348408710218,39.835471168099176,11,22.534188467239673,0
Nuapada,4.766590389016018,3.775886863343473,0,1.5103547453373893,0
Nuh,753.0,461.033621333629,2,185.61344853345162,1
Osmanabad,3.470689655172414,11.726278661971973,1,5.290511464788789,0
Pakaur,2.7,2.734589850667947,0,1.093835940267179,0
Pakke Kessang,1.0,0.0,0,0.0,0
Pakur,17.84536082474227,126.50872161668975,3,52.4034886466759,1
Palakkad,1.795460614152203,1.4574926909003476,0,0.5829970763601391,0
Palamau,2.86,3.700996316854927,0,1.480398526741971,0
Palamu,8.737055837563451,9.903441211375142,0,3.961376484550057,0
Palghar,6.5,28.16561420789911,5,14.266245683159646,0
Pali,3.9677840661732695,5.811634373027644,1,2.924653749211058,0
Palnadu,1.423841059602649,0.778543830125023,0,0.3114175320500092,0
Palwal,11.526960784313726,12.248823182842987,1,5.4995292731371945,0
Panch Mahals,19.746478873239436,82.59673433701137,5,36.038693734804546,0
Panchkula,2.3780068728522337,2.0370232779034034,0,0.8148093111613615,0
Panchmahals,5.206467661691542,15.02953080800967,5,9.011812323203868,0
Pandhurna,1.5806451612903225,1.8690611923845195,0,0.7476244769538078,0
Panipat,10.266441821247891,72.6390314420439,2,30.255612576817562,0
Panna,12.988873435326843,22.768787919544263,3,10.907515167817706,0
Papum Pare,1.8702928870292888,1.2004534848626744,0,0.4801813939450698,0
Parbhani,6.042389210019268,15.581314838832045,3,8.032525935532817,0
Parvathipuram Manyam,1.2926208651399491,0.5744309529139042,0,0.2297723811655617,0
Paschim Bardhaman,1.3531283138918346,0.8391990617601074,0,0.335679624704043,0
Paschim Medinipur,4.345266698702547,4.611481959470786,0,1.8445927837883145,0
Pashchim Champaran,201.96296296296296,377.2639144035792,22,164.10556576143168,1
Pashchimi Singhbhum,3.442528735632184,3.4632048435209297,0,1.385281937408372,0
Patan,9.330905306971903,41.95010394445285,17,26.98004157778114,1
Pathanamthitta,1.2603359173126616,0.604916628596069,0,0.2419666514384276,0
Pathankot,2.623529411764706,2.936338974041867,0,1.1745355896167469,0
Patiala,5.622270742358078,39.307743444883826,2,16.923097377953532,0
Patna,7.269616519174042,31.222563975124203,19,23.889025590049684,1
Pauri Garhwal,1.9055441478439425,1.9233273620005447,0,0.7693309448002179,0
Peddapalli,1.462686567164179,0.8235018869887134,0,0.32940075479548536,0
Perambalur,2.1110009910802776,1.6015765697985185,0,0.6406306279194074,0
Peren,15.305263157894737,66.47909184740371,4,28.991636738961482,0
Phek,5.547872340425532,23.140187644418752,2,10.456075057767501,0
Pherzawl,1.8333333333333333,1.6020819787597222,0,0.6408327915038889,0
Pilibhit,23.713043478260868,118.09281216914627,7,51.43712486765851,1
Pithoragarh,1.791483113069016,1.3849987269349637,0,0.5539994907739855,0
Pondicherry,1.6296851574212894,1.2250710795601054,0,0.4900284318240422,0
Porbandar,4.734962406015038,24.701899928424815,4,12.280759971369926,0
Prakasam,2.0771117166212534,4.153145487355059,1,2.2612581949420236,0
Pratapgarh,4.694407456724368,4.505351317185639,0,1.8021405268742556,0
Prayagraj,2.795121951219512,23.677664836695836,2,10.671065934678333,0
Puducherry,1.7161290322580645,1.3106344929181595,0,0.5242537971672638,0
Pudukkottai,2.8755102040816327,4.553167184012857,1,2.4212668736051426,0
Pulwama,4.006410256410256,5.191200916711623,0,2.0764803666846494,0
Punch,9.490974729241877,14.931392306827034,1,6.572556922730813,0
Pune,4.767071889539246,17.53892824943367,22,20.21557129977347,1
Purba Bardhaman,1.7752481027437244,1.8771359359861908,0,0.7508543743944763,0
Purba Champaran,1.1981132075471699,0.5240830781243374,0,0.20963323124973499,0
Purba Medinipur,3.454413892908828,3.3659719254022105,0,1.3463887701608843,0
Purbi Champaran,619.625,338.83455145670956,23,149.33382058268384,1
Purbi Singhbhum,1.7207678883071553,1.2199699512873095,0,0.4879879805149238,0
Puri,2.364385297845374,2.0191660058989394,0,0.8076664023595758,0
Purnea,1.8759124087591241,1.2274151191118272,0,0.4909660476447309,0
Purnia,12.64946507237256,42.13715873340597,15,25.854863493362387,1
Purulia,1.7755102040816326,1.314927849908056,0,0.5259711399632224,0
Puruliya,6.247164461247637,5.933745024635298,0,2.3734980098541194,0
Rae Bareli,4.235524597300827,5.331991296088106,0,2.1327965184352426,0
Raebareli,1.5,0.7071067811865476,0,0.28284271247461906,0
Raichur,5.4692393736017895,11.233924861947768,1,5.093569944779107,0
Raigad,3.60609243697479,39.29536144090899,2,16.9181445763636,0
Raigarh,3.7175182481751823,21.751302320912785,2,9.900520928365113,0
Raigarh(MH),1.3333333333333333,0.7909747313543118,0,0.3163898925417248,0
Raipur,4.882801664355062,10.119658604495054,1,4.647863441798021,0
Raisen,7.0,12.99907404109715,2,6.399629616438861,0
Rajanna Sircilla,2.018181818181818,1.4332963309566575,0,0.5733185323826631,0
Rajauri,1.0,0.0,0,0.0,0
Rajgarh,8.988998899889989,9.987872050322386,0,3.9951488201289544,0
Rajkot,8.318713450292398,39.59513265771575,26,31.4380530630863,1
Rajnandgaon,5.609919571045577,6.444339547873592,0,2.577735819149437,0
Rajouri,4.02710843373494,4.041920613351359,0,1.6167682453405439,0
Rajsamand,3.6182838813151563,3.502613462175655,0,1.401045384870262,0
Ramanagar,3.5444711538461537,4.51902710519712,0,1.807610842078848,0
Ramanagara,204.0,0.0,1,0.0,0
Ramanathapuram,1.975826344351258,2.946195322114265,1,1.7784781288457059,0
Ramban,6.643598615916955,6.987163492552951,0,2.7948653970211805,0
Ramgarh,3.335946248600224,4.078437245418955,0,1.631374898167582,0
Rampur,33.294701986754966,158.56013367736864,12,70.62405347094746,1
Ranchi,7.8207236842105265,24.032803243286455,12,16.81312129731458,0
Ranga Reddy,284.0,0.0,1,0.0,0
Rangareddi,1.676758682101514,1.27139914844039,0,0.508559659376156,0
Rangareddy,1.7647058823529411,1.2030243823224176,0,0.48120975292896706,0
Ranipet,1.15625,0.4431496123741602,0,0.17725984494966407,0
Ratlam,9.55928143712575,12.84046248003839,2,6.336184992015356,0
Ratnagiri,1.7013071895424836,1.2986125779513364,0,0.5194450311805346,0
Rayagada,3.552863436123348,4.129980546078634,0,1.6519922184314535,0
Reasi,4.737569060773481,5.819555594301165,0,2.3278222377204663,0
Rewa,5.867893881970764,5.574656614934387,0,2.2298626459737547,0
Rewari,3.6490455212922175,4.47495019354288,0,1.7899800774171521,0
Ri Bhoi,25.156756756756756,106.12153522624598,15,51.448614090498396,1
Rohtak,4.6121621621621625,20.17084306786382,1,8.668337227145528,0
Rohtas,4.782530120481928,5.291302892585281,0,2.1165211570341125,0
Rudraprayag,2.105726872246696,1.667058525765385,0,0.666823410306154,0
Rupnagar,1.844903988183161,1.4229287442392524,0,0.569171497695701,0
S.A.S Nagar,352.5,99.7020561473032,2,41.08082245892128,1
S.A.S Nagar(Mohali),1.231111111111111,0.5087722539105353,0,0.2035089015642141,0
SAS Nagar (Mohali),2.964859437751004,9.19065343887412,1,4.276261375549648,0
Sabar Kantha,17.40714285714286,79.03135671552145,7,35.81254268620859,0
Sabarkantha,3.0338078291814945,8.794085986644468,5,6.5176343946577875,0
Sagar,8.666875391358797,23.751042421500074,6,13.10041696860003,0
Saharanpur,15.296089385474861,105.01248651922523,12,49.2049946076901,1
Saharsa,11.951509606587374,37.68588155405875,5,18.074352621623504,0
Sahebganj,8.730662983425415,12.372530100237523,3,6.7490120400950095,0
Sahibganj,3.443396226415094,3.6595086547090427,0,1.463803461883617,0
Saiha,6.140186915887851,19.599503554615215,2,9.039801421846086,0
Saitual,1.5,1.4142135623730951,0,0.5656854249492381,0
Sakti,1.77734375,1.1687241136904676,0,0.46748964547618704,0
Salem,2.5256283883686543,4.024874427869848,3,3.409949771147939,0
Salumbar,1.0,0.0,0,0.0,0
Samastipur,7.741636436920596,21.75947503069219,2,9.903790012276875,0
Samba,2.092526690391459,1.5510299643069236,0,0.6204119857227695,0
Sambalpur,2.3642201834862386,2.0499735909866863,0,0.8199894363946746,0
Sambhal,7.789048473967684,18.34371411713846,1,7.937485646855384,0
Samstipur,1.1081081081081081,0.3126364937009625,0,0.12505459748038503,0
Sangareddy,2.398402839396628,2.467572484338125,0,0.98702899373525,0
Sangli,3.6119261713203974,20.425606184447066,6,11.770242473778826,0
Sangrur,3.1904109589041094,6.524253882228215,1,3.209701552891286,0
Sant Kabir Nagar,5.522829006266786,5.309478561861902,0,2.123791424744761,0
Sant Ravidas Nagar,5.243179122182681,4.739427323407641,0,1.8957709293630565,0
Sant Ravidas Nagar Bhadohi,1.3125,0.6139903313441727,0,0.2455961325376691,0
Saran,7.802190721649485,32.14231037701325,6,16.4569241508053,0
Sarangarh-Bilaigarh,1.4198473282442747,0.6788474222282087,0,0.2715389688912835,0
Satara,2.5415787252005066,12.141239377486908,4,7.256495750994764,0
Satna,8.281971303805365,20.369504098900695,2,9.347801639560277,0
Sawai Madhopur,4.8834178131788555,24.855032299897132,1,10.542012919958854,0
Sehore,7.054112554112554,39.82098749182045,2,17.128394996728183,0
Senapati,2.46875,2.7177512296553625,0,1.087100491862145,0
Seoni,6.230532786885246,6.073999242078487,0,2.429599696831395,0
Sepahijala,6.127659574468085,19.624717896317197,1,8.449887158526879,0
Seraikela-Kharsawan,4.3282247765006385,3.973802676796724,0,1.5895210707186898,0
Seraikela-kharsawan,2.0402843601895735,1.533718538561358,0,0.6134874154245433,0
Serchhip,1.7586206896551724,1.4180582823692427,0,0.5672233129476971,0
Shahdara,8.457711442786069,61.03441203727874,3,26.2137648149115,0
Shahdol,6.9061277705345505,7.875602774351399,0,3.1502411097405596,0
Shaheed Bhagat Singh Nagar,1.6143344709897611,1.1816543454883197,0,0.4726617381953279,0
Shahjahanpur,21.844424460431654,127.24919768988636,16,60.499679075954546,1
Shajapur,6.283542039355993,7.386207304627524,0,2.95448292185101,0
Shamator,4.258620689655173,5.772166563436614,0,2.308866625374646,0
Shamli,12.752721617418352,24.486937287489575,1,10.39477491499583,0
Sheikhpura,7.43953488372093,9.061294502344618,0,3.624517800937847,0
Sheikpura,1.2083333333333333,0.41485111699905347,0,0.1659404467996214,0
Sheohar,9.03601108033241,12.757190984777925,0,5.1028763939111705,0
Sheopur,21.07871720116618,83.34005016150823,6,36.9360200646033,0
Shi-yomi,1.8421052631578947,1.6077298658784152,0,0.6430919463513661,0
Shimla,1.5307057745187902,1.1682816349192346,0,0.4673126539676939,0
Shimoga,1.780929866036249,1.3720677086528272,0,0.548827083461131,0
Shivamogga,1.806320907617504,1.4109727270333545,0,0.5643890908133419,0
Shivpuri,11.699724517906336,49.86425331953969,6,23.545701327815877,0
Shopian,412.0,0.0,1,0.0,1
Shravasti,633.75,403.5413031318273,4,163.81652125273095,1
Shrawasti,7.47007299270073,29.557027753387985,3,13.622811101355193,0
Shupiyan,9.652173913043478,8.464156410063284,0,3.3856625640253135,0
Siang,2.2888888888888888,2.2825645686597804,0,0.9130258274639123,0
Sibsagar,3.297590361445783,11.986195074046794,3,6.594478029618718,0
Siddharth Nagar,723.5,261.53909841551416,6,108.21563936620566,1
Siddharthnagar,11.600165562913908,42.28976345127287,7,21.115905380509147,0
Siddipet,1.8873239436619718,1.5023916085723792,0,0.6009566434289517,0
Sidhi,10.942608695652174,12.40834734262325,0,4.963338937049301,0
Sikar,3.9846207619713385,13.49199870777505,3,7.19679948311002,0
Simdega,5.083129584352078,4.212834496561861,0,1.6851337986247445,0
Sindhudurg,1.4676434676434675,1.1033913890029499,0,0.44135655560118,0
Singrauli,10.934891485809683,14.760318128371987,2,7.104127251348795,0
Sirmaur,2.600985221674877,2.2456241838540554,0,0.8982496735416222,0
Sirohi,9.973977695167287,57.75137788651568,7,27.30055115460627,0
Sirsa,4.518970189701897,5.74777809909627,0,2.299111239638508,0
Sitamarhi,25.258373205741627,113.38334794988637,46,72.95333917995455,2
Sitapur,17.938372093023254,89.41298924317186,21,48.365195697268746,1
Sivaganga,2.071761416589003,2.552657442648404,0,1.0210629770593618,0
Sivasagar,105.5,60.67673909058286,1,24.870695636233147,0
Siwan,6.14406099518459,20.513630232903402,4,10.605452093161361,0
Solan,1.8176197836166925,1.4144757665725507,0,0.5657903066290203,0
Solapur,4.1055444221776884,13.030954023682277,7,9.412381609472911,0
Sonapur,3.139293139293139,2.555087800051821,0,1.0220351200207285,0
Sonbhadra,5.126272912423625,5.754078654390895,0,2.301631461756358,0
Sonipat,4.191470054446461,13.684873004670598,1,6.073949201868239,0
Sonitpur,5.243443557582668,21.77758035336562,9,14.11103214134625,0
South,1.5634920634920635,0.950755756194254,0,0.38030230247770164,0
South 24 Pargana,1.0,0.0,0,0.0,0
South 24 Parganas,7.356876508006142,9.715143834667305,3,5.686057533866922,0
South 24 parganas,2.0,0.0,0,0.0,0
South Andaman,1.2192513368983957,0.4752514625113433,0,0.19010058500453733,0
South Delhi,10.233002291825821,28.480181615966483,11,17.992072646386596,0
South Dinajpur,1.7983870967741935,1.4729949039970418,0,0.5891979615988168,0
South East Delhi,1.6216216216216217,0.8929150560368536,0,0.3571660224147415,0
South Garo Hills,19.393013100436683,60.46626683245243,11,30.786506732980975,0
South Goa,1.5337519623233908,1.0328901967326267,0,0.4131560786930507,0
South Salmara Mankachar,6.0081632653061225,14.11341410425391,2,6.845365641701564,0
South Sikkim,4.59,26.246344622834737,1,11.098537849133896,0
South Tripura,3.3613707165109035,3.146987265851966,0,1.2587949063407864,0
South Twenty Four Parganas,2.661697990926766,2.55083292407136,0,1.020333169628544,0
South West Delhi,6.687138728323699,28.223612969375342,7,15.489445187750139,0
South West Garo Hills,27.84269662921348,108.10649686246218,9,48.64259874498487,1
South West Khasi Hills,20.03488372093023,72.1193694812452,10,34.84774779249808,1
Spsr Nellore,136.4375,83.94281287479788,9,38.977125149919154,1
Sri Muktsar Sahib,2.42619926199262,2.1670307165750695,0,0.8668122866300279,0
Sri Potti Sriramulu Nellore,1.6452599388379205,1.4422737359120237,0,0.5769094943648095,0
Sri Sathya Sai,1.308228730822873,0.6797977131833886,0,0.27191908527335545,0
Sribhumi,1.1418918918918919,0.4810721463583592,0,0.19242885854334368,0
Srikakulam,1.809002944888515,1.2724891658398814,0,0.5089956663359526,0
Srinagar,2.8046471600688467,2.248677457097833,0,0.8994709828391333,0
Subarnapur,1.62,0.929006032722792,0,0.37160241308911685,0
Sukma,9.079166666666667,33.85728698740992,4,15.94291479496397,0
Sultanpur,6.348695169350361,26.8613210090648,5,13.744528403625921,0
Sundargarh,1.2146422628951747,0.5021804922643561,0,0.20087219690574246,0
Sundergarh,2.1180518793012175,1.7934488882262556,0,0.7173795552905022,0
Supaul,7.399431414356788,7.432652554828915,0,2.9730610219315663,0
Surajpur,5.186411149825784,4.777977038934734,0,1.9111908155738935,0
Surat,8.578309195015157,52.90583750927677,19,32.56233500371071,1
Surendra Nagar,4.576101468624833,13.101928764999101,5,8.240771505999641,0
Surendranagar,12.539130434782608,76.82918932652197,3,32.53167573060879,0
Surguja,5.996627318718381,6.160301366827017,0,2.464120546730807,0
Suryapet,2.5782828282828283,2.156677943743494,0,0.8626711774973977,0
Tamenglong,3.983402489626556,3.950703318165062,0,1.580281327266025,0
Tamulpur District,1.1224489795918366,0.331200660553418,0,0.13248026422136722,0
Tapi,2.8431876606683804,4.609719027973585,0,1.8438876111894342,0
Tarn Taran,2.8396135265700484,12.15189870007311,1,5.460759480029244,0
Tawang,1.811764705882353,1.6438494141369957,0,0.6575397656547983,0
Tehri Garhwal,2.9150943396226414,3.0652441264236083,0,1.2260976505694434,0
Tenkasi,1.427927927927928,0.8054124878106212,0,0.3221649951242485,0
Thane,10.313503305004721,61.266579651540596,33,44.306631860616235,2
Thanjavur,2.0065323897659226,1.9718853774783092,0,0.7887541509913237,0
The Dangs,5.955156950672646,14.795231696182517,3,7.718092678473007,0
The Nilgiris,1.6624636275460718,1.3338524912208076,0,0.5335409964883231,0
Theni,2.625094482237339,2.2539336706795057,0,0.9015734682718023,0
Thiruvallur,2.713004484304933,23.095925334537654,1,9.838370133815062,0
Thiruvananthapuram,1.7964410892423834,2.3291289572864877,0,0.9316515829145952,0
Thiruvarur,1.781437125748503,1.3228051991468013,0,0.5291220796587205,0
Thoothukkudi,2.0664335664335662,2.081290058934809,0,0.8325160235739237,0
Thoubal,3.0226628895184136,2.789906063547667,0,1.1159624254190668,0
Thrissur,1.6847748391708364,1.5157228965099572,0,0.6062891586039829,0
Tikamgarh,6.793621013133208,6.740571340274005,0,2.696228536109602,0
Tinsukia,6.992493744787323,26.188652496244128,18,21.27546099849765,1
Tirap,1.5714285714285714,0.962427805659204,0,0.38497112226368163,0
Tiruchirappalli,2.6351817458211726,2.821727897611542,0,1.128691159044617,0
Tirunelveli,2.1889140271493215,1.849830532798816,0,0.7399322131195265,0
Tirupathur,1.0,0.0,0,0.0,0
Tirupati,1.805672268907563,2.0023774958552036,0,0.8009509983420815,0
Tirupattur,1.538913362701909,0.9340131595372853,0,0.3736052638149141,0
Tiruppur,2.5232273838630808,2.1919855538324766,0,0.8767942215329907,0
Tiruvallur,3.095560368164591,2.9460933110587133,0,1.1784373244234854,0
Tiruvannamalai,2.3378378378378377,1.8473504430847931,0,0.7389401772339173,0
Tiruvarur,1.0,0.0,0,0.0,0
Tonk,6.360215053763441,32.61040414516952,1,13.644161658067807,0
Tseminyu,1.6842105263157894,0.6710382982072027,0,0.2684153192828811,0
Tuensang,9.687116564417177,47.98681936732731,3,20.994727746930923,0
Tumakuru,1.786777843954735,1.517020334783839,0,0.6068081339135356,0
Tumkur,1.7295708406819519,1.348114715557314,0,0.5392458862229257,0
Tuticorin,1.0,0.0,0,0.0,0
Udaipur,6.292106373997467,18.863036104416437,2,8.745214441766574,0
Udalguri,4.866737739872068,16.31363959835513,7,10.725455839342054,0
Udham Singh Nagar,7.666666666666667,8.041663131951733,0,3.216665252780693,0
Udhampur,3.7997293640054126,4.421608670256785,0,1.7686434681027141,0
Udupi,1.9698299506308283,2.561573320143346,0,1.0246293280573384,0
Udupi *,1.0,0.0,0,0.0,0
Ujjain,9.984647592463364,10.490806771112636,0,4.196322708445055,0
Ukhrul,4.132275132275132,4.364809177723826,0,1.7459236710895305,0
Umaria,11.041666666666666,13.26297109349416,0,5.305188437397664,0
Una,1.5207317073170732,1.0404795791119472,0,0.4161918316447789,0
Unakoti,2.0814332247557004,3.0715669338873317,0,1.2286267735549328,0
Unnao,12.756828780812791,80.08216714727033,12,39.232866858908125,1
Upper Siang,1.2647058823529411,0.6183469424008422,0,0.2473387769603369,0
Upper Subansiri,2.69811320754717,1.9570867837797288,0,0.7828347135118916,0
Uttar Bastar Kanker,2.0943396226415096,1.841359873098173,0,0.7365439492392692,0
Uttar Dinajpur,18.805594405594405,57.5722988753445,24,37.4289195501378,1
Uttara Kannada,1.891008174386921,1.777142161198956,0,0.7108568644795824,0
Uttarkashi,2.6022988505747127,2.612535229471382,0,1.0450140917885529,0
Vadodara,3.856828885400314,14.637267371222444,9,11.254906948488976,0
Vaishali,7.873633581110625,13.001152114384858,1,5.8004608457539435,0
Valsad,5.814207650273224,31.62484907845363,5,15.649939631381452,0
Varanasi,10.980705882352941,61.987188887144214,17,34.994875554857686,1
Vellore,2.348366650414432,5.043705207298656,3,3.817482082919462,0
Vidisha,13.776892430278885,55.949261279042744,5,25.3797045116171,0
Vijayanagara,2.2004153686396677,1.723121422429992,0,0.6892485689719968,0
Vijayapura,2.8786008230452675,10.390951510124733,1,4.756380604049893,0
Vikarabad,2.949943117178612,2.5479004481728453,0,1.0191601792691383,0
Villupuram,2.0991940483570986,1.8763528787076114,0,0.7505411514830446,0
Viluppuram,1.8176011355571327,1.4324509981671045,0,0.5729803992668419,0
Virudhunagar,2.4802752293577983,2.4410584447781196,0,0.9764233779112479,0
Visakhapatanam,226.0,0.0,1,0.0,0
Visakhapatnam,2.2356478950246035,1.789348938544116,0,0.7157395754176464,0
Vizianagaram,1.8128819934179596,1.2667554411882473,0,0.5067021764752989,0
Wanaparthy,2.8254237288135595,2.109489692821914,0,0.8437958771287657,0
Warangal,1.5853754940711462,1.092419491453121,0,0.4369677965812484,0
Warangal (urban),1.4,0.5477225575051661,0,0.21908902300206645,0
Warangal Rural,1.5092783505154639,0.9013399660196926,0,0.36053598640787704,0
Warangal Urban,1.8942857142857144,1.9426509606230493,0,0.7770603842492197,0
Wardha,2.8222543352601157,2.785411988700663,0,1.1141647954802651,0
Washim,5.193251533742331,20.320082697662905,2,9.328033079065161,0
Washim *,1.1428571428571428,0.4483951394230328,0,0.17935805576921313,0
Wayanad,2.2131386861313866,2.0214065480482692,0,0.8085626192193077,0
West,1.8571428571428572,1.1767809417276374,0,0.470712376691055,0
West Champaran,23.835552075176196,86.45080987569082,18,45.38032395027633,1
West Delhi,28.383040935672515,155.5538710490761,15,71.22154841963044,1
West Garo Hills,32.006048387096776,118.26077145170837,29,64.70430858068335,1
West Godavari,1.7187952505068056,1.1813967159822452,0,0.4725586863928981,0
West Jaintia Hills,49.02904564315353,185.15723944664452,17,84.26289577865782,1
West Kameng,2.188976377952756,7.291800443360114,0,2.916720177344046,0
West Karbi Anglong,12.0,41.831009231589576,7,20.93240369263583,0
West Khasi Hills,103.90849673202614,398.84239334599584,13,167.33695733839835,1
West Medinipur,1.0,0.0,0,0.0,0
West Midnapore,2.122093023255814,1.8204081461832586,0,0.7281632584733035,0
West Nimar,2.0320855614973263,1.9426185123046182,0,0.7770474049218473,0
West Siang,1.9393939393939394,1.3234014756215056,0,0.5293605902486023,0
West Sikkim,4.864077669902913,20.660679972718338,2,9.464271989087335,0
West Singhbhum,8.433497536945813,28.564708137969724,1,12.02588325518789,0
West Tripura,2.666032350142721,5.432335054792174,2,3.372934021916869,0
Wokha,6.413793103448276,26.488501991819955,1,11.195400796727982,0
Y. S. R,1.3996598639455782,0.8388764408947403,0,0.33555057635789615,0
Yadadri.,2.322108345534407,1.688817874221775,0,0.6755271496887101,0
Yadgir,5.075425790754258,13.51484229195849,2,6.605936916783397,0
Yamuna Nagar,4.677685950413223,5.861690766134679,0,2.3446763064538714,0
Yamunanagar,1.5128205128205128,0.8230813374079161,0,0.32923253496316646,0
Yanam,1.2222222222222223,0.42365927286816163,0,0.16946370914726466,0
Yavatmal,4.7730986800754245,21.076009322108444,5,11.430403728843379,0
Zunheboto,5.039735099337748,28.322401215222317,1,11.928960486088927,0
chittoor,1.0,0.0,0,0.0,0
hooghly,1.0,0.0,0,0.0,0
jajpur,1.125,0.49999999999999994,0,0.19999999999999998,0
nadia,1.0,0.0,0,0.0,0
punch,1.0,0.0,0,0.0,0
rangareddi,1.0,0.0,0,0.0,0
yadgir,1.7182044887780548,1.2115662458486531,0,0.48462649833946125,0
